Abdon;Abdonie;M
Abel;Ablu;M
Abercjusz;Abercjuszu;M
Abraham;Abrahamie;M
Absalon;Absalonie;M
Achacjusz;Achacjuszu;M
Achacy;Achacy;M
Achilles;Achillesie;M
Ada;Ado;K
Adalbert;Adalbercie;M
Adam;Admie;M
Adamina;Adamino;K
Adaukt;Adaukcie;M
Addar;Addarze;M
Adela;Adelo;K
Adelajda;Adelajdo;K
Adelina;Adelino;K
Ado;Ado;M
Adolf;Adolfie;M
Adolfa;Adolfo;K
Adolfina;Adolfino;K
Adria;Adrio;K
Adrian;Adrianie;M
Adriana;Adriano;K
Adrianna;Adrianno;K
Afanazy;Anafazy;M
Afrodyta;Afrodyto;K
Aga;Ago;K
Agapit;Agapicie;M
Agata;Agato;K
Agaton;Agatonie;M
Agatonik;Agatoniku;M
Agenor;Agenorze;M
Ageusz;Ageuszu;M
Agnieszka;Agnieszko;K
Agrypina;Agrypino;K
Aida;Aido;K
Aisza;Aiszo;K
Alan;Alanie;M
Alban;Albanie;M
Albaniusz;Albaniuszu;M
Albert;Albercie;M
Alberta;Alberto;K
Albertyna;Albertyno;K
Albin;Albinie;M
Albina;Albino;K
Albrecht;Albrechcie;M
Aldona;Aldono;K
Aleksander;Aleksandrze;M
Aleksandra;Aleksandro;K
Aleksy;Aleksy;M
Alf;Alfie;M
Alfons;Alfonsie;M
Alfonsyna;Alfonsyno;K
Alfred;Alfredzie;M
Alfreda;Alfredo;K
Ali;Ali;M
Alicja;Alicjo;K
Alina;Alino;K
Alma;Almo;K
Alojza;Alojzo;K
Alojzy;Alojzy;M
Alpinian;Alpininie;M
Amadea;Amadeo;K
Amadeusz;Amadeuszu;M
Amalia;Amalio;K
Amata;Amato;K
Ambroży;Ambroży;M
Amedeusz;Amedeuszu;M
Amelia;Amelio;K
Amiceta;Amiceto;K
Amin;Aminie;M
Amon;Amonie;M
Amos;Amosie;M
Ananiasz;"Amaniaszu'';l";M
Anastazja;Anastazjo;K
Anastazy;Anastazy;M
Anatol;Anatolu;M
Anatolia;Anatolino;K
Andonik;Andoniku;M
Andromeda;Andromedo;K
Andron;Andronie;M
Andrzej;Andrzeju;M
Aneta;Aneto;K
Angel;Angelu;M
Angela;Angelo;K
Angelika;Angeliko;K
Angelina;Angelino;K
Angelus;Angelusie;M
Anicet;Anicety;M
Aniceta;Aniceto;K
Aniela;Anielo;K
Anita;Anito;K
Anna;Anno;K
Antoni;Antoni;M
Antonin;Antoninie;M
Antonina;Antonino;K
Antym;Antymie;M
Anzelm;Anzelmie;M
Apolinary;Apolinary;M
Apollo;Apollo;M
Apolonia;Apolino;K
Apoloniusz;Apoloniuszu;M
Areta;Areto;K
Ariadna;Ariadno;K
Ariel;Arielu;M
Ariela;Arielo;K
Arkadiusz;Arkadiuszu;M
Arkady;Arkady;M
Arleta;Arleto;K
Arletta;Arletto;K
Arnold;Arnoldzie;M
Arnolf;Arnolfie;M
Aron;Aronie;M
Arseniusz;Arseniuszu;M
Artemon;Artemonie;M
Artur;Arturze;M
Artus;Artusie;M
Arystarch;Arystarchu;M
Aspazja;Aspazjo;K
Asteria;Asterio;K
Asteriusz;Asteriuszu;M
Atanazja;Atanazjo;K
Atanazy;Atanazy;M
August;Auguście;M
Augusta;Augusto;K
Augustyn;Augustynie;M
Augustyna;Augustyno;K
Auksencjusz;Auksencjuszu;M
Aurela;Aurelo;K
Aureli;Aureli;M
Aurelia;Aurelio;K
Aurelian;Aurelianie;M
Aureliusz;Aureliuszu;M
Aurora;Auroro;K
Axel;Axelu;M
Balbin;Balbinie;M
Balbina;Balbino;K
Balcer;Balcerzu;M
Baltazar;Baltazarze;M
Barabasz;Barabaszu;M
Barbara;Barbaro;K
Barnaba;Barnabo;M
Bartłomiej;Bartłomieju;M
Bartolomea;Bartolomeo;K
Bartosz;Bartoszu;M
Bazyli;Bazyli;M
Bazylid;Bazylid;M
Bazylis;Bazylisie;M
Bazylissa;Bazyliasso;K
Bazyliusz;Bazyliuszu;M
Będzimir;Będzimirze;M
Będzisław;Będzisławie;M
Będzisława;Będzisławo;K
Bean;Beanie;M
Beata;Beato;K
Beatrice;Baetrice;K
Beatrycze;Beatrycze;K
Beatryks;Beatryksie;M
Beatus;Beatusie;M
Beda;Bedo;K
Begina;Begino;K
Benedykt;Benedykcie;M
Benedykta;Benedykto;K
Beniamin;Beniminie;M
Benicjusz;Benicjuszu;M
Benigna;Benigno;K
Benignus;Benignusie;M
Benita;Benito;K
Benon;Benonie;M
Berenika;Bereniko;K
Berenike;Berenike;K
Berna;Berno;K
Bernadeta;Bernadeto;K
Bernadetta;Bernadetto;K
Bernard;Bernardzie;M
Bernardeta;Bernadeto;K
Bernardyn;Bernardynie;M
Bernardyna;Bernardyno;K
Berno;Berno;M
Berta;Berto;K
Bertold;Bertoldzie;M
Bertram;Bertramie;M
Bertrand;Bertrandzie;M
Bibianna;Bibiano;K
Biernat;Biernacie;M
Biruta;Biruto;K
Bjorn;Bjornie;M
Blandyn;Blandynie;M
Blandyna;Blandyno;K
Blanka;Blanko;K
Blizbor;Blizborze;M
Błażej;Błażeju;M
Bogdan;Bogdanie;M
Bogdana;Bogdano;K
Bogna;Bogno;K
Boguchwał;Boguchwale;M
Boguchwała;Boguchwało;K
Bogudar;Bogudarze;M
Bogumił;Bogumile;M
Bogumiła;Bogumiło;K
Bogumir;Bogumirze;M
Bogurad;Boguradzie;M
Bogusąd;Bogusądzie;M
Bogusław;Bogusławie;M
Bogusława;Bogusławo;K
Bogusz;Boguszu;M
Boguta;Boguto;K
Boguwola;Boguwolo;K
Bohdan;Bohdanie;M
Bohdana;Bohdano;K
Bohusz;Bohuszu;M
Bolebor;Boleborze;M
Boleczest;Boleczeście;M
Bolemir;Bolemirze;M
Bolemysł;Bolemyślu;M
Bolesław;Bolesławie;M
Bolesława;Bolesławo;K
Bolisława;Bolisławo;K
Bonawentura;Bonawenturze;M
Bonifacy;Bonifacy;M
Bończa;Bończa;K
Borys;Borysie;M
Borysław;Borysławie;M
Borzymir;Borzymirze;M
Borzysław;Borzysławie;M
Borzysława;Borzysławo;K
Borzywoj;Borzywoju;M
Bożebor;Bożeborze;M
Bożeciech;Bożeciechu;M
Bożeciecha;Bożeciecho;K
Bożena;Bożeno;K
Bożydar;Bożydarze;M
Bożymierz;Bożymierzu;M
Bożysław;Bożysławie;M
Bożysława;Bożysławo;K
Bożywoj;Bożywoju;M
Bratumił;Bratumile;M
Bratumiła;Bratumiło;K
Brodzisław;Brodzisławie;M
Bronimir;Bronimirze;M
Bronisław;Bronisławie;M
Bronisława;Bronisławo;K
Bronisz;Broniszu;M
Broniwoj;Broniwoju;M
Bruno;Bruno;M
Brunon;Brunonie;M
Bryda;Brydo;K
Brygida;Brygido;K
Brykcjusz;Brykcjuszu;M
Budzigniew;Budzigniewie;M
Budzimir;Burzimirze;M
Budzisław;Budzisławie;M
Budzisława;Budzisławo;K
Budzisz;Budziszu;M
Budziwoj;Budziwoju;M
Burchard;Burchardzie;M
Carmen;Carmeno;K
Cecyl;Cecylu;M
Cecylia;Cecylio;K
Cecylian;Cecylianie;M
Cecyliusz;Cecyliuszu;M
Celestyn;Celestynie;M
Celestyna;Celestyno;K
Celina;Celino;K
Cezara;Cezarze;K
Cezariusz;Cezariuszu;M
Cezary;cezary;M
Cezaryna;Cezaryno;K
Charyzjusz;Charyzjuszu;M
Chociebor;Chocieborze;M
Chociemir;Chociemirze;M
Chociesław;Chociesławie;M
Chrystian;Chrystianie;M
Chryzant;Chryzancie;M
Chwalibóg;Chwaliboże;M
Chwalimir;Chwlimirze;M
Chwalimira;Chwalimiro;K
Chwalisław;Chwalisławie;M
Chwalisława;Chwalisławo;K
Cibor;Ciborze;M
Ciechomir;Ciechomirze;M
Ciechosław;Ciechosławii;M
Ciechosława;Ciechosławo;K
Cierpisław;Cierpisławie;M
Cieszybor;Cieszyborze;M
Cieszygor;Cieszygorze;M
Cieszymir;Cieszymirze;M
Cieszymysł;Cieszymyśle;M
Cieszyrad;Cieszyrardzie;M
Cieszysław;Cieszysławie;M
Cieszysława;Cieszysławo;K
Cyntia;Cyntio;K
Cyprian;Cyprianie;M
Cyriak;Cyriaku;M
Cyriaka;Cyriako;K
Cyrus;Cyrusie;M
Cyryl;Cyrylu;M
Czcibor;Czciborze;M
Czcibora;Czciboro;K
Czcirad;Czciradzie;M
Czcisław;Czcisławie;M
Czech;Czechu;M
Czechasz;Czechaszu;M
Czechoń;Czechoniu;M
Czesemir;Czesemirze;M
Czesław;Czesławie;M
Czesława;Czesławo;K
Częstobor;Częstoborze;M
Częstogniew;Częstogniewie;M
Częstomir;Częstomirze;M
Częstowoj;Częstowoju;M
Dacjan;Dacjanie;M
Dadąbog;Dadąbogu;M
Dagmara;Dagmaro;K
Dagna;Dagno;K
Dagobert;Dagobercie;M
Dalebor;Daleborze;M
Dalegor;Dalegorze;M
Dalemir;Dalemirze;M
Dalia;Dalio;K
Dalida;Dalido;K
Damazy;Damazy;M
Damian;Damianie;M
Dan;Danie;M
Daniel;Danielu;M
Daniela;Danielo;K
Danisz;Daniuszu;M
Danuta;Danuto;K
Daria;Dario;K
Dariusz;Dariuszu;M
Darosław;Darosławie;M
Dawid;Dawidzie;M
Dawida;Dawido;K
Dąbrówka;Dąbrówko;K
Delfin;Dalfinie;M
Delfina;Delfino;K
Demetria;Demetrio;K
Demetriusz;Demetriuszu;M
Demokryt;Demokrycie;M
Dersław;Deresławie;M
Dezyderia;Dezyderio;K
Dezyderiusz;Dezyderiuszu;M
Dezydery;Dezydery;M
Diana;Diano;K
Dianna;Dianno;K
Dina;Dinno;K
Diogenes;Diogenesie;M
Diomada;Diomado;K
Dionizja;Dionizjo;K
Dionizjusz;Dionizjuszu;M
Dionizy;Dioizy;M
Ditta;Ditto;K
Długosz;Długoszu;M
Dobiegniew;Dobiegniewie;M
Dobiemiest;Dobiemiescie;M
Dobiemir;Dobiemirze;M
Dobiesław;Dobiesławie;M
Dobiesława;Dobiesławo;K
Dobisława;Dobisławo;K
Dobrawa;Dobrawo;K
Dobrocha;Dobrocho;K
Dobrochna;Dobrochno;K
Dobrociech;Dobrociechu;M
Dobrogniew;Dobrogniewie;M
Dobrogost;Dobrogoście;M
Dobromierz;Dobromierzu;M
Dobromił;Dobromile;M
Dobromiła;Dobromiło;K
Dobromir;Dobromirze;M
Dobromira;Dobromiro;K
Dobromysł;Dobromyślu;M
Dobronieg;Dobroniegu;M
Dobroniega;Dobroniego;K
Dobrosław;Dobrosławie;M
Dobrosława;Dobrosławo;K
Dobrowiest;Dobrowieście;M
Dobrowit;Dobrowicie;M
DobrowÃ³j;DobrowÃ³jcie;M
Dobrymir;Dobrymirze;M
Dolores;Dolores;M
Domamir;Domamirze;M
Domarad;Domaradzie;M
Domarat;Domaracie;M
Domasław;Domasławie;M
Domasława;Domasławo;K
Domawit;Domawicie;M
Domicela;Domicelo;K
Domicjan;Domicjanie;M
Dominik;Dominiku;M
Dominika;Dominiko;K
Domisława;Domisławo;K
Domosław;Domosławie;M
Domosława;Domosławo;K
Donat;Donacie;M
Donata;Donato;K
Dorian;Dorianie;M
Doris;Doris;M
Dorota;Doroto;K
Dragomir;Dragomirze;M
Drogomił;Drogomirze;M
Drogomir;Drogomirze;M
Drogomysł;Drogomysławie;M
Drogosław;Drogosławie;M
Drogosława;Drogosławo;K
Duszan;Duszanie;M
Dymitr;Dymitrze;M
Dymitriusz;Dymitriuszu;M
Dytrych;Dytrychu;M
Dyzma;Dyzmo;K
Dziersław;Dziersławie;M
Dziersława;Dziersławo;K
Dzierżykraj;Dzierżykraju;M
Dzierżymir;Dzierżymirze;M
Dzierżysław;Dzierżysławie;M
Dzierżysława;Dzierżysławo;K
Eberhard;Eberhardzie;M
Edda;Eddo;K
Edgar;Edgardzie;M
Edmund;Edmundzie;M
Edward;Edwardzie;M
Edwin;Edwinie;M
Edyta;Edyto;K
Efrem;Efremie;M
Egbert;Egbercie;M
Egon;Egonie;M
Eleonora;Eleonoro;K
Eliasz;Eliaszu;M
Eliga;Eligo;K
Eligiusz;Eligiuszu;M
Eliza;Elizo;K
Elwira;Elwiro;K
Elżbieta;Elżbieto;K
Emanuel;Emanuelu;M
Emanuela;Emanuelo;K
Emerencja;Emerencjo;K
Emeryk;Emeryku;M
Emil;Emilu;M
Emilia;Emilio;K
Emilian;Emilianie;M
Emiliana;Emilianno;K
Emiliusz;Emiliuszu;M
Emma;Emmo;K
Enema;Enemo;K
Engelbert;Engelbercie;M
Enoch;Enochu;M
Epifan;Epifanie;M
Epifani;Epifanie;M
Epifania;Epifianno;K
Epifaniusz;Epifaniuszu;M
Erast;Eraście;M
Erazm;Eraźmie;M
Erazma;Erazmo;K
Erhard;Erhardzie;M
Ernest;Erneście;M
Ernesta;Ernesto;K
Ernestyn;Erestynie;M
Ernestyna;Erestyno;K
Erwin;Erwinie;M
Erwina;Erwino;K
Eryk;Eryku;M
Eryka;Eryko;K
Estera;Estero;K
Euchariusz;Euchariuszu;M
Eudokia;Eudokio;K
Eudoksja;Eudoksjo;K
Eudoksjusz;Eudoksjuszu;M
Eufemia;Eufemino;K
Eufrozyna;Eufrozyno;K
Eugenia;Eugenio;K
Eugeniusz;Eugeniuszu;M
Eulalia;Eulalio;K
Eulogiusz;Eulogiuszu;M
Eustachiusz;Eustachiuszu;M
Eustachy;Eustachy;M
Eutropiusz;Eutropiuszu;M
Euzebia;Euzebio;K
Euzebiusz;Euzebieuszu;M
Ewa;Ewo;K
Ewald;Ewaldzie;M
Ewaryst;Ewaryście;M
Ewdokia;Ewdokio;K
Ewelin;Ewelinie;M
Ewelina;Ewelino;K
Eweryst;Eweryście;M
Ezechiel;Ezechielu;M
Fabia;Fabio;K
Fabian;Fabianie;M
Fabiola;Fabiolo;K
Fabrycjan;Fabrycjanie;M
Fabrycy;Fabrycy;M
Faust;Fauście;M
Fausta;Faustyno;K
Faustyn;Faustynie;M
Faustyna;Faustyno;K
Felicja;Falicjo;K
Felicjan;Falicjanie;M
Felicjana;Falicjanno;K
Felicysym;Falicyśmie;M
Felicyta;Felicyto;K
Feliks;Feliksie;M
Ferdynand;Ferdynandzie;M
Festus;Festusie;M
Fidelis;Fidelisie;M
Fides;Fidesie;M
Filemon;Filemonie;M
Filip;Filipie;M
Filipina;Filipino;K
Filomena;Filomeno;K
Flawia;Flawio;K
Flawian;Flawianie;M
Flawiusz;Flawiuszu;M
Flora;Floro;K
Florencjusz;Florencjuszu;M
Florenty;Florenty;M
Florentyn;Florentynie;M
Florentyna;Florentyno;K
Florian;Florianie;M
Floryn;Florynie;M
Fortunat;Forunacie;M
Fortunata;Fortunato;K
Franciszek Salezy;Franciszu Salezy;M
Franciszek;Franciszku;M
Franciszka;Franciszko;K
Frumencjusz;Frumencjuszu;M
Fryda;Frydo;K
Fryderyk;Fryderyku;M
Fryderyka;Fryderyko;K
Frydolin;Frydolinie;M
Gabin;Gabinie;M
Gabor;Gaborze;M
Gabriel;Gabrielu;M
Gabriela;Gabrielo;K
Gajusz;Gajuszu;M
Galezy;Galezy;M
Gall;Gallu;M
Galla;Galo;K
Gallina;Gallino;K
Ganda;Gando;K
Gardenia;Gardenio;K
Gaspar;Gasparze;M
Gaudencja;Gaudencjo;K
Gaudencjusz;Gaudencjuszu;M
Gaudenty;Gaudenty;M
Gaweł;Gawle;M
Gawryła;Gawryło;K
Gebhard;Gebhardzie;M
Gedeon;Gedeonie;M
Genowefa;Genowefo;K
Georgia;Georgio;K
Georgina;Georginio;K
Gerald;Geraldzie;M
Geraldyna;Geraldyno;K
Gerard;Gererdzie;M
Gerarda;Geredo;K
Gerhard;Gerhardzie;M
German;Germanie;M
Germanik;Germaniku;M
Gertruda;Gertrudo;K
Gerwazy;Gerwazy;M
Gilbert;Gilbercie;M
Gilda;Gildo;K
Gizela;Gizelo;K
Glikeria;Glikerio;K
Gloria;Glorio;K
Gniewomir;Gniewomirze;M
Gniewosz;Gniewoszu;M
Goar;Goarze;M
Godfryd;Godfrydzie;M
Godzimierz;Godzimierzu;M
Godzimir;Godzimirze;M
Godzisław;Godzisławie;M
Godzisława;Godzisławo;K
Godzisz;Godziszu;M
Gorgoncjusz;Gorgoncjuszu;M
Gorzysław;Gorzysławie;M
Gosław;Gosławie;M
Gościmił;Gościmile;M
Gościmir;Gościmierze;M
Gościrad;Gościradzie;M
Gościsław;Gościsławie;M
Gościsława;Gościsławo;K
Gościwit;Gościwicie;M
Gotard;Gotardzie;M
Gotfryd;Gotfrydzie;M
Gracja;Gracjo;K
Gracjan;Gracjanie;M
Gracjana;Gracjanno;K
Grażyna;Grażyno;K
Greta;Greto;K
Grodzisław;Grodzisławie;M
Gryzelda;Gryzeldo;K
Grzegorz;Grzegorzu;M
Grzymisław;Grzymisławie;M
Grzymisława;Grzymisławo;K
Gustaw;Gustawie;M
Gustawa;Gustawo;K
Gwidon;Gwidonie;M
Ida;Ido;K
Idalia;Idalio;K
Idzi;Idzi;M
Ifigenia;Ifigenio;K
Iga;Igo;K
Ignacja;Ignacjo;K
Ignacy;Ignacy;M
Igor;Igorze;M
Ildefons;Ildefoncsie;M
Ilia;Ilio;K
Ilona;Ilono;K
Ilza;Ilzo;K
Imisław;Imisławie;M
Imisława;Imisławo;K
Inez;Iznez;K
Inga;Ingo;K
Ingeborga;Ingeborgo;K
Ingrida;Ingrido;K
Innocenta;Innocento;K
Innocenty;Innocenty;M
Irena;Ireno;K
Ireneusz;Ireneuszu;M
Irina;Irino;K
Irma;Irmo;K
Irmina;Irmino;K
Irwin;Irwinie;M
Iryda;Irydo;K
Irydion;Irydionie;M
Isaura;Isauro;K
Ismena;Ismeno;K
Ita;Ito;K
Iwa;Iwo;K
Iwan;Iwania;M
Iwetta;Iwetto;K
Iwo;Iwo;M
Iwon;Iwono;M
Iwona;Iwono;K
Izaak;Izaaku;M
Izabela;Izabelo;K
Izolda;Izoldo;K
Izyda;Izydo;K
Izydor;Izydore;M
Jacek;Jacku;M
Jacenty;Jacenty;M
Jacław;Jacławie;M
Jaczewoj;Jaczewoju;M
Jadwiga;Jadwigo;K
Jagoda;Jagodo;K
Jakobina;Jakobino;K
Jakub;Jakubie;M
Jan Chryzostom;Janie Chryzostomie;M
Jan Gwalbert;Janie Gwalbercie;M
Jan Kanty;Janie Kanty;M
Jan Nepomucen;Janie Niepomucenie;M
Jan;Janie;M
Janina;Janino;K
Janisław;Janisławie;M
Januaria;Januario;K
January;January;M
Janusz;Januszu;M
Jarema;Jaremo;K
Jarmiła;Jarmiło;K
Jarogniew;Jarogniewie;M
Jaromir;Jaromirze;M
Jaropełk;Jaropełku;M
Jarosław;Jarosławie;M
Jarosława;Jarosławo;K
Jaśmina;Jaśmino;K
Jazon;Jazonie;M
Jeremi;Jeremi;M
Jeremiasz;Jeremiaszu;M
Jeron;Jeronie;M
Jerosława;Jerosławo;K
Jerzy;Jerzy;M
Jewdocha;Jewdocho;K
Jędrzej;Jędrzeju;M
Joachim;Joachimie;M
Joachima;Joachimo;K
Joanna;Joanno;K
Job;Jabie;M
Jolanta;Jolanto;K
Jonasz;Jonaszu;M
Jonatan;Jonatanie;M
Jordan;Jordanie;M
Jowita;Jowito;K
Jozafat;Jozafacie;M
JÃ³zef;JÃ³zefie;M
JÃ³zefa;JÃ³zefo;K
JÃ³zefat;JÃ³zefacie;M
JÃ³zefina;JÃ³zefino;K
Juda;Judo;K
Judyta;Judyto;K
Julia;Julio;K
Julian;Julianie;M
Julianna;Julianno;K
Julietta;Julietto;K
Julita;Julito;K
Juliusz;Juliuszu;M
Jurand;Jurandzie;M
Jurata;Jurato;K
Justyn;Justynie;M
Justyna;Justyno;K
Justynian;Justynianie;M
Kacper;Kacprze;M
Kaja;Kajo;K
Kajetan;Kajetanie;M
Kajus;Kajusie;M
Kalasanty;Kalasanty;M
Kalikst;Kaliksty;M
Kaliksta;Kaliksto;K
Kalina;Kalino;K
Kalistrat;Kalistarcie;M
Kallina;Kallino;K
Kamelia;Kamelio;K
Kamil;Kamilu;M
Kamila;Kamilo;K
Kandyd;Kandydzie;M
Kanizjusz;Kanizjuszu;M
Kanut;Kanucie;M
Karena;Kareno;K
Karina;Karino;K
Karol Boromeusz;Karolu Boromeuszu;M
Karol;Karolu;M
Karolin;Karolinie;M
Karolina;Karolino;K
Karp;Kaprie;M
Kasjan;Kasjanie;M
Kasjana;Kasjanno;K
Kasper;Kasprze;M
Kastor;Kastorze;M
Katarzyna;Katarzyno;K
Kazimiera;Kazimiero;K
Kazimierz;Kazimierzu;M
Kiejstut;Kiejstucie;M
Kilian;Kilianie;M
Kinga;Kingo;K
Kir;Kirze;M
Kira;Kiro;K
Kirył;Kirylu;M
Klara;Klaro;K
Klarysa;Klaryso;K
Klaudia;Klaudio;K
Klaudian;Klaudianie;M
Klaudiusz;Klaudiuszu;M
Klaudyna;Klaudyno;K
Klemencja;Klemencjo;K
Klemens;Klemensie;M
Klement;Klementynie;M
Klementyn;Klementynie;M
Klementyna;Klementyno;K
Kleofas;Kleofasie;M
Kleopatra;Kleopatro;K
Klet;Klecie;M
Klotylda;Klotyldo;K
Koleta;Koleto;K
Kolombina;Kolombio;K
Kondrat;Kondracie;M
Konrad;Konradzie;M
Konrada;Konrado;K
Konradyn;Konradynie;M
Konradyna;Konradyno;K
Konstancja;Konstancjo;K
Konstancjusz;Konstancjuszu;M
Konstans;Konstansie;M
Konstanty;Konstanty;M
Konstantyn;Konstantynie;M
Kordelia;Kordelio;K
Kordian;Kordianie;M
Kordula;Korulo;K
Kornel;Kornelu;M
Korneli;Korneli;M
Kornelia;Kornelio;K
Korneliusz;Korneliuszu;M
Kosma;Kosmo;M
Kryspin;Kryspinie;M
Kryspina;Kryspiono;K
Krystian;Krystianie;M
Krystiana;Krystianno;K
Krystyn;Krystynie;M
Krystyna;Krystyno;K
Krzesimir;Krzesimirze;M
Krzesisław;Krzesisławie;M
Krzesisława;Krzesisławo;K
Krzysztof;Krzysztofie;M
Krzywosąd;Krzywosądzie;M
Ksawera;Ksawero;K
Ksawery;Ksawery;M
Ksaweryna;Ksaweryno;K
Ksenia;Kseniu;K
Ksenofont;Ksenofoncie;M
Kunegunda;Kunegundo;K
Kwiatosława;Kwiatosławo;K
Kwiryn;Kwirynie;M
Kwiryna;Kwiryno;K
Lambert;Lambercie;M
Lamberta;Lamberto;K
Larysa;Laryso;K
Laura;Lauro;K
Laurencja;Laurencjo;K
Laurencjusz;Laurencjuszu;M
Laurenty;Lautenty;M
Laurentyn;Laurentynie;M
Laurentyna;Laurentyno;K
Laza;Lazo;K
Lea;Leo;K
Leander;Leandrze;M
Lech;Lechu;M
Lechosław;Lechosławie;M
Lechosława;Lechosławo;K
Lena;Leno;K
Lenart;Lenardzie;M
Leodegar;Leodegardzie;M
Leokadia;Leokadio;K
Leon;Leonie;M
Leona;Loeono;K
Leonard;Leonardzie;M
Leonarda;Leonardo;K
Leoncjusz;Leoncjuszu;M
Leonia;Loenio;K
Leonid;Leonidzie;M
Leonida;Leonido;K
Leonidas;Leonidasie;M
Leontyna;Leontyno;K
Leopard;Leopardzie;M
Leopold;Leopoldzie;M
Leopoldyna;Leopoldyno;K
Lesław;Lesławie;M
Lesława;Lesławo;K
Leszek;Leszku;M
Lew;Lwie;M
Lewin;Lewinie;M
Liberat;Liberacie;M
Liberata;Liberato;K
Libert;Libercie;M
Liboriusz;Liboriuszu;M
Lidia;Lidio;K
Ligia;Ligio;K
Lilian;Lilianie;M
Liliana;Liliano;K
Lilianna;Lilianno;K
Lilla;Lillo;K
Linda;Lindo;K
Liwia;Liwio;K
Liwiusz;Liwiuszu;M
Liza;Lizo;K
Loda;Lodo;K
Lolita;Lilito;K
Longin;Longinie;M
Longina;Longino;K
Longinus;Longinusie;M
Loretta;Loretto;K
Luba;Lubo;K
Lubogost;Lubogoście;M
Lubomierz;Lubomierzu;M
Lubomir;Lubomirze;M
Lubomira;Lubomiro;K
Lubomysł;Lubomyślu;M
Lubor;Luborze;M
Lubosław;Lubosławie;M
Lubosza;Luboszu;K
Lucja;Lucjo;K
Lucjan;Lucjanie;M
Lucjol;Lucjolu;M
Lucjola;Lucjolu;K
Lucjusz;Lucjuszu;M
Lucylla;Lucyllo;K
Lucyna;Lucyno;K
Ludgarda;Ludgardo;K
Ludmiła;Ludmiło;K
Ludomił;Ludomirze;M
Ludomiła;Ludomiło;K
Ludomir;Ludomirze;M
Ludomira;Ludomiro;K
Ludosław;Ludosławie;M
Ludwik;Ludwiku;M
Ludwika;Ludwiko;K
Ludwina;Ludwino;K
Luiza;Luizo;K
Lukrecja;Lukrecjo;K
Lutobor;Lutoborze;M
Lutogniew;Lutogniewie;M
Lutomir;Lutomirze;M
Lutomysł;Lutomyśle;M
Lutosław;Lutosławie;M
Ładysław;Ładysławie;M
Łazarz;Łazarzu;M
Łękomir;Łękomirze;M
Łucja;Łucjo;K
Łucjan;Łucjanie;M
Łucjusz;Łucjuszu;M
Łukasz;Łukaszu;M
Machabeusz;Machabeuszu;M
Maciej;Macieju;M
Madlena;Madleno;K
Magda;Magdo;K
Magdalena;Magdaleno;K
Magnus;Magnusie;M
Maja;Majo;K
Makary;Makary;M
Maksym;Maksymie;M
Maksymilian;Maksymilianie;M
Maksymin;Maksymie;M
Malina;Malino;K
Malkolm;Malkolmie;M
Malwin;Malwinie;M
Malwina;Malwino;K
Małgorzata;Małgorzato;K
Mamert;Mamercie;M
Manfred;Manfredzie;M
Manfreda;Manfredo;K
Manswet;Manswecie;M
Manuela;Manuelo;K
Marcel;Marceli;M
Marcela;Marcelo;K
Marceli;Marceli;M
Marcelin;Marcelinie;M
Marcelina;Marcelino;K
Marcin;Marcinie;M
Marcjal;Marcjalnie;M
Marcjan;Marcjanie;M
Marcjanna;Marcjanno;K
Marek;Marku;M
Margareta;Margareto;K
Maria Magdalena;Mario Magdaleno;K
Maria;Mario;K
Marian;Marianie;M
Marianna;Marianno;K
Marietta;Marietto;K
Marika;Mariko;K
Marina;Marino;K
Mariola;Mariolo;K
Marita;Marito;K
Mariusz;Mariuszu;M
Marlena;Marleno;K
Marta;Marto;K
Martyn;Martynie;M
Martyna;Martyno;K
Martynian;Martynianie;M
Maryla;Marylo;K
Maryna;Maryno;K
Marzanna;Marzanno;K
Marzena;Marzeno;K
Masław;Masławie;M
Materna;Materno;K
Mateusz;Mateuszu;M
Matron;Matronie;M
Matylda;Matyldo;K
Maur;Maurze;M
Maura;Mauro;K
Maurycy;Maurycy;M
Mauryn;Maurynie;M
Mechtylda;Machtyldo;K
Medard;Medardzie;M
Melania;Melanio;K
Melchior;Melchiorze;M
Metoda;Metodo;K
Metody;Metody;M
Męcimir;Męcimirze;M
Michalina;Michalino;K
Michał;Michale;M
Mieczysław;Mieczysławie;M
Mieczysława;Mieczysławo;K
Mieszko;Mieszko;M
Mikołaj;Mikołaju;M
Milena;Mileno;K
Milenia;Milenio;K
Miligost;Miligoscie;M
Miła;Miło;K
Miłogost;Miłogoście;M
Miłorad;Miłoradzie;M
Mirosław;Mirosławie;M
Mirosława;Mirosławo;K
Miłosz;Miłoszu;M
Miłowan;Miłowanie;M
Miłowit;Miłowicie;M
Mina;Mino;K
Mindora;Mindoro;K
Minodora;Minodoro;K
Mira;Miro;K
Mirabella;Mirabello;K
Miranda;Mirando;K
Mirella;Mirello;K
Mirogniew;Mirogniewie;M
Miromir;Miromirze;M
Miron;Mironie;M
Mironieg;Mironiegu;M
Mironiega;Mironiego;K
Miłosław;Miłosławie;M
Miłosława;Miłosławo;K
Modest;Modeście;M
Modesta;Modesto;K
Mojmir;Mojmirze;M
Mokij;Mokiju;M
Monika;Moniko;K
Morzysław;Morzysławie;M
Mścibor;Mściborze;M
Mścigniew;Mścigniewie;M
Mścisław;Mścisławie;M
Mścisława;Mścisławo;K
Mściwój;Msciwoju;M
Myślibor;Myśliborze;M
Myślimir;Myślimirze;M
Naczesław;Naczesławie;M
Nadbor;Nadborze;M
Nadia;Nadio;K
Nadmir;Nadmir;M
Nadzieja;Nadziejo;K
Namysław;Namysławie;M
Napoleon;Napoleonie;M
Narcyz;Narcyzie;M
Narcyza;Narcyzo;K
Natalia;Natalio;K
Natalis;Natalisie;M
Natasza;Nataszo;K
Naum;Naumie;M
Nawoj;Nawoju;M
Nelly;Nelly;M
Nemezjusz;Nemezjuszu;M
Nestor;Nestorze;M
Nicefor;Niceforze;M
Niecisław;Niecisławie;M
Niedamir;Niedamirze;M
Niegomir;Niegomirze;M
Niegosław;Niegosławie;M
Niegosława;Niegosławo;K
Niemir;Niemirze;M
Niezamysł;Niezamyśle;M
Nieznamir;Niezamirze;M
Nikanor;Niekanorze;M
Nikifor;Nikiforze;M
Nikita;Nikito;K
Nikodem;Nikodemie;M
Nimfa;Nimfo;K
Nina;Nino;K
Ninogniew;Ninogniewie;M
Ninomysł;Ninomyśle;M
Noe;Noe;M
Nonna;Nonna;K
Nora;Noro;K
Norbert;Norbercie;M
Norberta;Norberto;K
Norma;Normo;K
Norman;Normanie;M
Nosisław;Nosisławie;M
Oda;Odo;K
Odil;Odilu;M
Odila;Odilo;K
Odilla;Odillo;K
Odo;Odo;M
Odon;Odonie;M
Odyseusz;Odyseuszu;M
Ofelia;Ofelio;K
Oksana;Oksano;K
Oktawia;Oktawio;K
Oktawian;Oktawianie;M
Oktawiusz;Oktawiuszu;M
Olaf;Olafie;M
Olech;Olechu;M
Oleg;Olegu;M
Olga;Olgo;K
Olgierd;Olgierdzie;M
Olimpia;Olimpio;K
Oliwia;Oliwio;K
Oliwier;Oliwierze;M
Onufry;Onufry;M
Orchidea;Orchideo;K
Orestes;Orestes;M
Orfeusz;Orfeuszu;M
Oriana;Orianno;K
Oskar;Oskarze;M
Ostap;Ostapie;M
Oswald;Oswaldzie;M
Oswalda;Oswaldo;K
Otomar;Otomarze;M
Otto;Otto;M
Otton;Ottonie;M
Otylia;Otylio;K
Ozanna;Ozanno;K
Pafnucy;Pafnucy;M
Pakosław;Pakosławie;M
Pakosz;Pakoszu;M
Paloma;Palomo;K
Pankracy;Pankracy;M
Pantaleon;Pantaleonie;M
Paramon;Paramonie;M
Parys;Parysie;M
Paschalis;Paschalisie;M
Patrycja;Patrycjo;K
Patrycjusz;Patrycjuszu;M
Patrycy;Patrycy;M
Patryk;Patryku;M
Paula;Paulo;K
Paulin;Paulinie;M
Paulina;Paulino;K
Paweł;Pawle;M
Pelagia;Pelagio;K
Pelagiusz;Pelagiuszu;M
Perpetua;Perpetuo;K
Petronela;Petronelio;K
Petronia;Petroniu;K
Petroniusz;Petroniuszu;M
Pęcisław;Pęcisławie;M
Pęcisława;Pęcisławo;K
Pękosław;Pękosławie;M
Pia;Pia;K
Pimen;Pimenie;M
Piotr;Piotrze;M
Pius;Piusie;M
Placyd;Placydzie;M
Placydia;Placydio;K
Platon;Platonie;M
Pola;Polu;K
Polikarp;Polikarpie;M
Pompejusz;Pompejuszu;M
Porfirion;Porfirionie;M
Potencjana;Potencjano;K
Prakseda;Praksendo;K
Priam;Priamie;M
Probus;Probusie;M
Prochor;Prochorze;M
Prokop;Prokopie;M
Prosimir;Prosimirze;M
Prosper;Prosperze;M
Prot;Procie;M
Protazy;Protazy;M
Prudencjusz;Prodencjuszu;M
Pryska;Prysko;K
Przecław;Przecławie;M
Przecława;Przecławo;K
Przedbor;Przedborze;M
Przedpełk;Przedpeku;M
Przedwoj;Przedwoju;M
Przemił;Przemile;M
Przemysł;Przemyślu;M
Przemysław;Przemysławie;M
Przesław;Przesławie;M
Przybyczest;Przybyczeście;M
Przybygniew;Przybygniewie;M
Przybymir;Przybymirze;M
Przybyrad;Przybradzie;M
Przybysław;Przybysławie;M
Przybysława;Przybysławo;K
Przybywoj;Przybywoju;M
Pudecjanna;Pudecjanno;K
Pudens;Pudensie;M
Pulcheria;Pulcherio;K
Racibor;Raciborze;M
Racimir;Racimirze;M
Racisław;Racisławie;M
Radek;Radku;M
Radociech;Radociechu;M
Radogost;Radogościu;M
Radomił;Radomirze;M
Radomiła;Radomiło;K
Radomir;Radomirze;M
Radomysł;Radomyślu;M
Radosław;Radosławie;M
Radosława;Radosławo;K
Radowid;Radowidzie;M
Radowit;Radowicie;M
Radzim;Rzdzimie;M
Radzimierz;Radzimierzu;M
Radzimir;Radzimirze;M
Radzisław;Radzisławie;M
Radzisława;Radzisławo;K
Radziwoj;Radziwoju;M
Rafael;Rafaelu;M
Rafaela;Rafaelo;K
Rafał;Rafale;M
Rainer;Rainerze;M
Raissa;Raisso;K
Rajmund;Rajmundzie;M
Rajmunda;Rajmundo;K
Rajnold;Rajnoldzie;M
Ramon;Ramonie;M
Ramona;Ramono;K
Rebeka;Rebeko;K
Redogort;Redogorcie;M
Regina;Regino;K
Reinhold;Reinholdzie;M
Remigiusz;Remigiuszu;M
Rena;Reno;K
Renat;Renacie;M
Renata;Renato;K
RenÃ©;RenÃ©;M
Rita;Rito;K
Robert;Robercie;M
Roberta;Roberto;K
Roch;Rochu;M
Roderyk;Roderyku;M
Rodryg;Rodrydzie;M
Rodryk;Rodryku;M
Roger;Rogerze;M
Roksana;Roksano;K
Roland;Rolandzie;M
Roma;Romo;K
Roman;Romanie;M
Romana;Romano;K
Romeo;Romeo;M
Romuald;Romualdzie;M
Ronald;Ronaldzie;M
Rościgniew;Rościgniewie;M
Rościmir;Rościmirze;M
Rościsław;Rościsławie;M
Rościsława;Rościsławo;K
Rozalia;Rozalio;K
Rozanna;Rozanno;K
Rozyna;Rozyno;K
Róża;Różo;K
Rudolf;Rudolfie;M
Rudolfa;Rudolfo;K
Rudolfina;Rudolfino;K
Rufin;Rufinie;M
Rufina;Rufino;K
Rufus;Rufusie;M
Rupert;Rupercie;M
Ruprecht;Ruprechcie;M
Ruta;Ruto;K
Rygobert;Rygobercie;M
Ryszard;Ryszardzie;M
Ryszarda;Ryszardo;K
Saba;Sabo;K
Sabin;Sabinie;M
Sabina;Sabino;K
Salome;Salome;K
Salomea;Salomeo;K
Salomon;Salomonie;M
Salwator;Salwatorze;M
Salwin;Salwinie;M
Sambor;Samborze;M
Samson;Samsonie;M
Samuel;Samuelu;M
Samuela;Samuelo;K
Sandra;Sandro;K
Sara;Saro;K
Saturnin;Saturninie;M
Saturnina;Saturnino;K
Sawa;Sawo;K
Sawin;Sawinie;M
Sądomir;Sądomirze;M
Sądosław;Sądosławie;M
Scholastyka;Scholastyko;K
Sebald;Sebaldzie;M
Sebastian;Sebastianie;M
Sebastiana;Sebastiano;K
Selma;Selmo;K
Serafin;Serafinie;M
Serafina;Serafinio;K
Sergiusz;Sergiuszu;M
Serwacy;Serwacy;M
Sewer;Sewerzy;M
Sewera;Sewero;K
Sewerian;Sewerianie;M
Seweryn;Sewerynie;M
Seweryna;Seweryno;K
Sądzimir;Sądzimirze;M
Sędzisław;Sędzisławie;M
Sędzisława;Sędzisławo;K
Sędziwoj;Sędziwoju;M
Sieciech;Sieciechu;M
Sieciesław;Sieciesławie;M
Sieciesława;Sieciesławo;K
Siemiodrog;Siemiodrodzie;M
Siemirad;Siemieradzie;M
Siemisław;Siemiesławie;M
Siemomysł;Siemomyślu;M
Siemowit;Siemowicie;M
Sierosław;Sierosławie;M
Sierosława;Sierosławo;K
Siestrzemił;Siestrzemilu;M
Siestrzewit;Siestrzewicie;M
Skarbimierz;Skarbmierzu;M
Skarbimir;Skarbmirze;M
Sława;Sławo;K
Sławobor;Sławoborze;M
Sławoj;Sławoju;M
Sławomir;Sławomirze;M
Sławomira;Sławomiro;K
Sławosz;Sławoszu;M
Sobiesąd;Sobiesądzie;M
Sobiesław;Sobiesławie;M
Sobiesława;Sobiesławo;K
Sofia;Sofio;K
Sofroniusz;Sofroniuszu;M
Sonia;Soniu;K
Soter;Soterze;M
Sozant;Sozancie;M
Spirydion;Spirydionie;M
Spycigniew;Spycigniewie;M
Spycimir;Spycimirze;M
Spycisław;Spycisławie;M
Stanimir;Stanimirze;M
Stanisław;Stanisławie;M
Stanisława;Stanisławo;K
Stefan;Stefanie;M
Stefania;Stefanio;K
Stella;Stello;K
Stojgniew;Stojgniewie;M
Stojmir;Stojmirze;M
Stojsław;Stojsławie;M
Stosław;Stosławie;M
Stronisław;Stronisławie;M
Stronisława;Stronisławo;K
Strzeżymir;Strzeżymirze;M
Strzeżysław;Strzeżysławie;M
Strzeżysława;Strzeżysławo;K
Strzeżywoj;Strzeżywoju;M
Sulibor;Suliborze;M
Sulimiera;Sulimiero;K
Sulimierz;Sulimierzu;M
Sulimir;Sulimirze;M
Sulirad;Suliradzie;M
Sulisław;Sulisławie;M
Sulisława;Sulisławo;K
Suliwoj;Suliwoju;M
Sulpicjusz;Sulpiscjuszu;M
Swetłana;Swetłano;K
Sybilla;Sybillo;K
Sydonia;Sydonino;K
Sykstus;Sykstusie;M
Sylwan;Sylwanie;M
Sylwana;Sylwano;K
Sylweriusz;Sylweriuszu;M
Sylwery;Sylwesty;M
Sylwester;Sylwestrze;M
Sylwia;Sylwio;K
Sylwin;Sylwinie;M
Sylwiusz;Sylwiuszu;M
Symeon;Symeonie;M
Symforiana;Symforiano;K
Symplicjusz;Symplicjuszu;M
Szarlota;Szarloto;K
Szczepan;Szczepanie;M
Szczęsna;Szczęsna;K
Szczęsny;Szczęsny;M
Szeliga;Szeligo;K
Szwieciech;Szwieciechy;M
Szymon;Szymonie;M
Szymoneta;Szymoneto;K
Ścibor;Ściborze;M
Ścibora;Ściboro;K
Światozar;Światozarze;M
Świeciech;Świeciechu;M
Święcimir;Święcimirze;M
Świętobor;Świętoborze;M
Świętochna;Świętochno;K
Świętomir;Świętomirze;M
Świętomira;Świętomiro;K
Świętopełk;Świetopełku;M
Świętosław;Świętosławie;M
Świętosława;Świętosławo;K
Tacjana;Tacjano;K
Tacjanna;Tacjanno;K
Tacjusz;Tacjuszu;M
Tadeusz;Tadeuszu;M
Taida;Taido;K
Tamara;Tamara;K
Taras;Tarasie;M
Tatiana;Tatiano;K
Tekla;Teklo;K
Telesfor;Telesforze;M
Telimena;Telimeno;K
Telisława;Telisławie;K
Teobald;Teobaldzie;M
Teodor;Teodorze;M
Teodora;Teodoro;K
Teodoryka;Teodoryko;K
Teodozja;Teodozjo;K
Teodozjusz;Teodozjuszu;M
Teofil;Teofilu;M
Teofila;Teofilo;K
Terencjusz;Terencjuszu;M
Teresa;Tereso;K
Tezeusz;Tezeuszu;M
Tęgomir;Tęgomirze;M
Tobiasz;Tobiszu;M
Toligniew;Toligniewie;M
Tolimir;Tolimirze;M
Tolisław;Tolisławie;M
Tolisława;Tolisławo;K
Toma;Tomo;K
Tomasz;Tomaszu;M
Tomił;Tomilu;M
Tomir;Tomirze;M
Tomira;Tomiro;K
Tomisław;Tomisławie;M
Tomisława;Tomisławo;K
Torpet;Torpecie;M
Toska;Tosko;K
Tristan;Tristianie;M
Trofim;Trofimie;M
Trzebimir;Trzebimirze;M
Trzebisław;Trzebisławie;M
Trzebisława;Trzebisławo;K
Trzebomysł;Trzebomyślu;M
Trzebowit;Trzebowicie;M
Twardosław;Twardosławie;M
Tworzymir;Tworzymirze;M
Tworzysław;Tworzysławie;M
Tworzysława;Tworzysławo;K
Tyberiusz;Tyberiuszu;M
Tyburcjusz;Tyburcjuszu;M
Tycjan;Tycjanie;M
Tymon;Tymonie;M
Tymoteusz;Tymoteuszu;M
Tytus;Tytusie;M
Ubald;Ubaldzie;M
Ubysław;Ubysławie;M
Ulrych;Ulrychcie;M
Ulryk;Ulryku;M
Ulryka;Ulryko;K
Uniedrog;Uniedogu;M
Uniegost;Uiniegościu;M
Uniemysł;Uniemyśle;M
Uniewit;Wniewicie;M
Unimir;Unimirze;M
Unisław;Unisławie;M
Urban;Urbanie;M
Ursyn;Urcynie;M
Urszula;Urszulo;K
Violetta;Violetto;K
Wacław;Wacławie;M
Wacława;Wacławo;K
Wadim;Wadimie;M
Waldemar;Waldemarze;M
Walenty;Walenty;M
Walentyn;Walentynie;M
Walentyna;Walentyno;K
Waleria;Walerio;K
Walerian;Walerianie;M
Waleriana;Waleriano;K
Waleriusz;Waleriuszu;M
Walery;Walery;M
Walter;Walterze;M
Wanda;Wando;K
Warcisław;Warcisławie;M
Warwara;Warwaro;K
Wasyl;Wasylu;M
Wawrzyniec;Wawrzyńcu;M
Wenancjusz;Wenacjuszu;M
Wendelin;Wendelinie;M
Wenesa;Waneso;K
Wera;Wero;K
Werner;Wernerze;M
Weronika;Weroniko;K
Wespazjan;Wespazjanie;M
Wiaczesław;Wiaczesławie;M
Wielisław;Wielisławie;M
Wielisława;Wielisławo;K
Wieńczysław;Wieńczysławie;M
Wiera;Wiero;K
Wierzchosław;Wierzchosławie;M
Wierzchosława;Wierzchosławo;K
Wiesław;Wiesławie;M
Wiesława;Wiesławo;K
Więcemił;Więcmile;M
Więcemiła;Więcemiło;K
Więcemir;Wiecemirze;M
Więcerad;Więceradzie;M
Więcesław;Więcesławie;M
Więcesława;Wiecesławo;K
Wiktor;Wiktorze;M
Wiktoria;Wiktorio;K
Wiktorian;Wiktorianie;M
Wiktoriusz;Wiktoriuszu;M
Wiktoryn;Wiktorynie;M
Wiktoryna;Wiktoryno;K
Wilhelm;Wilhelmie;M
Wilhelmina;Wilhelmino;K
Wilibald;Wilibaldzie;M
Wilma;Wilmo;K
Wincenta;Wncento;K
Wincenty;Wincenty;M
Więczysław;Więczysławie;M
Wiola;Wiolu;K
Wioletta;Wioletto;K
Wirgiliusz;Wirgiliuszu;M
Wirginia;Wirginio;K
Wirginiusz;Wirginiuszu;M
Wisław;Wisławie;M
Wisława;Wisławo;K
Wit;Wicie;M
Witalian;Witalinie;M
Witalis;Witalisie;M
Witold;Witoldzie;M
Witolda;Witoldo;K
Witołd;Witołdzie;M
Witomił;Witomile;M
Witomir;Witomirze;M
Witosław;Witosławie;M
Witosława;Witosławo;K
Wiwanna;Wiwanno;K
Władymir;Władymirze;M
Władysław;Władysławie;M
Władysława;Władysławo;K
Włodzimierz;Włodzimierzu;M
Włodzimir;Włodzimirze;M
Włodzisław;Włodzisławie;M
Włodzisława;Włodzisławo;K
Włodziwoj;Włodziwoju;M
Włościbor;Włościborze;M
Włościsław;Włościsławie;M
Włościsława;Włościsławo;K
Wodzisław;Wodzisławie;M
Wojbor;Wojborze;M
Wojciech;Wojciechu;M
Wojciecha;Wojciecho;K
Wojmir;Wojmirze;M
Wojsław;Wojsławie;M
Wojsława;Wojsławo;K
Wolfgang;Wolfgangu;M
Wolimir;Wolimirze;M
Wolmar;Wolmarze;M
WrÃ³cimir;WrÃ³cimirze;M
Wrócisław;Wrócisławie;M
Wrócisława;Wrócisławo;K
WrÃ³ciwoj;WrÃ³ciwoju;M
Wrzesław;Wrzesławie;M
Wrzesława;Wrzesławo;K
Wszebąd;Wszebądzie;M
Wszebor;Wszeborze;M
Wszebora;Wszeboro;K
Wszeciech;Wszeciechu;M
Wszegniew;Wszegniewie;M
Wszemił;Wszemile;M
Wszemiła;Wszemiło;K
Wszemir;Wszemirze;M
Wyszemir;Wyszemirze;M
Wyszeniega;Wszeniego;K
Wyszesław;Wyszesławie;M
Wyszesława;Wyszesławo;K
Wyszomir;Wyszomirze;M
Zachariasz;Zachariaszu;M
Zacheusz;Zacheuszu;M
Zawisza;Zawiszo;K
Zbigniew;Zbigniewie;M
Zbisław;Zbisławie;M
Zbroimir;Zbromirze;M
Zbrosław;Zbrosławie;M
Zbygniew;Zbygniewie;M
Zbylut;Zbylucie;M
Zbysław;Zbysławie;M
Zbysława;Zbysławo;K
Zbyszko;Zbyszko;M
Zdobysław;Zdobysławie;M
Zdzibor;Zdziborze;M
Zdzimir;Zdzimirze;M
Zdzisław;Zdzisławie;M
Zdzisława;Zdzisławo;K
Zdziwoj;Zdziwoju;M
Zefir;Zafirze;M
Zefiryn;Zefirynie;M
Zefiryna;Zefiryno;K
Zelmira;Zelmiro;K
Zenobia;Zenobio;K
Zenobiusz;Zenobiuszu;M
Zenon;Zenonie;M
Zenona;Zenono;K
Ziemisław;Ziemisławie;M
Ziemowit;Ziemowicie;M
Zofia;Zofio;K
Zora;Zoro;K
Zorian;Zorianie;M
Zula;Zulu;K
Zuzanna;Zuzanno;K
Zygfryd;Zygfrydzie;M
Zygmunt;Zygmuncie;M
Zyta;Zyto;K
Żaklina;Żaklino;K
Żalina;Żalino;K
Żaneta;Żaneto;K
Żanna;Żanno;K
Żegota;Żegoto;K
Żelisław;Żelisławie;M
Żyrosław;Żyrosławie;M
Żytomir;Żytomirze;M
Żywia;Żywio;K
Żywisław;Żysławie;M
Abdiasz;Abdiaszu;M
Abigail;Abigail;K
Amanda;Amando;K
Asenat;Asenacie;M
Barnabasz;Barnabaszu;M
Batszeba;Batszebo;M
Bazyl;Bazylu;M
Boromeusz;Boromeuszu;M
Chryzostom;Chryzostomie;M
Dajana;Dajano;K
Dalila;Dalilo;K
Damaris;Damarisie;M
Debora;Deboro;K
Denis;Denisie;M
Diomeda;Diomedo;K
Donald;Donaldzie;M
Edmunda;Edmundo;K
Edwarda;Edwardo;K
Eligia;Eligio;K
Elizeusz;Elizeuszu;M
Eunika;Euniko;K
Ezdrasz;Ezdraszu;M
Feliksa;Feliksie;K
Goliat;Goliacie;M
Gwalbert;Gwalbercie;M
Hadrian;Hadrianie;M
Halina;Halino;K
Halka;Halko;K
Halszka;Halszko;K
Hanna;Hanno;K
Harasym;Harasymie;M
Hegezyp;Hegezypie;M
Helena;Heleno;K
Heliasz;Heliaszu;M
Heliodor;Heliodorze;M
Helmut;Helmucie;M
Heloiza;Heloizo;K
Henryk;Henryku;M
Henryka;Henryko;K
Herakles;Heraklesie;M
Herakliusz;Herakliuszu;M
Herbert;Herbercie;M
Herkulan;Herkulanie;M
Herkules;Herkulesie;M
Herman;Hermanie;M
Hermenegild;Hermenegildzie;M
Hermenegilda;Hermenegildo;K
Hermina;Hermino;K
Herminia;Herminino;K
Hiacynt;Hiacyncie;M
Hiacynta;Hiacynto;K
Hieronim;Hieronimie;M
Hilaria;Hilario;K
Hilary;Hilary;M
Hildegarda;Hildegardo;K
Hipolit;Hipolicie;M
Hipolita;Hipolito;K
Honorat;Honoracie;M
Honorata;Honorato;K
Honoriusz;Honoriuszu;M
Honoryna;Honoryno;K
Horacjusz;Horacjuszu;M
Horacy;Horacy;M
Hortensja;Hortensjo;K
Hortensjusz;Hortencjuszu;M
Hubert;Hubercie;M
Huberta;Hubero;K
Hugo;Hugo;M
Hugon;Hugonie;M
Hygin;Hygino;M
Ingrid;Ingrid;K
Izabella;Izabelo;K
Izajasz;Izajaszu;M
Jagna;Jagno;K
Joel;Joelu;M
Jolanda;Jolanto;K
Jozue;Jazue;M
Judasz;Judaszu;M
Kain;Kaimie;M
Kamilla;Kamillo;K
Kanty;Kanty;M
Karin;Karinie;M
Karola;Karolo;K
Kesja;Kesjo;K
Kewin;Kewinie;M
Klaus;Klausie;M
Kondrad;Kondradzie;M
Krzysztofa;Krzysztofo;K
Ksymena;Ksymeno;K
Kurt;Kurcie;M
Leopolda;Leopoldo;K
Lora;Loro;K
Lubomiła;Lubomiło;K
Mansfet;Mansfecie;M
Margot;Margot;K
Martynin;Martyninie;M
Micheasz;Micheaszu;M
Miriam;Miriam;K
Mojżesz;Mojżeszu;M
Nahum;Nahumie;M
Natan;Natanie;M
Natanael;Natanaelu;M
Nehemiasz;Nehemiaszu;M
Neomiła;Noemiło;K
Nepomucen;Nepomucenie;M
Niemira;Niemiro;K
Noemi;Noemi;M
Otniel;Otnielu;M
Ozeasz;Ozeaszu;M
Pakoszław;Pakoszławie;M
Pamela;Pamelo;K
Pryscylla;Pryscyllo;K
Przemysława;Przemysławo;K
Rachela;Rachelo;K
Romualda;Romualdo;K
Ruben;Rubenie;M
Rut;Rut;M
Salezy;Salezy;M
Samanta;Samanto;K
Saul;Saul;M
Swietłana;Swietłano;K
Tadeusza;Tadeuszu;K
Talita;Talito;K
Uriasz;Uriaszu;M
Urlyk;Urlyku;M
Waldemara;Waldemaro;K
Wawrzyn;Wawrzynie;M
Wincentyna;Wincentyno;K
Winicjusz;Winicjuszu;M
Witomysł;Witomyśle;M
Wszerad;Wszeradzie;M
Zbigniewa;Zbigniewo;K
Zygfryda;Zygfrydo;K
Hermenia;Hermenio;K
Hermes;Hermesie;M
Humbert;Humbercie;M
